Date,Product,Region,Units,UnitPrice
2026-01-06,Wireless Mouse,East,11,24.99
2026-01-07,HD Webcam,South,19,59.99
2026-01-08,Wireless Mouse,South,8,24.99
2026-01-09,Mechanical Keyboard,West,9,79.99
2026-01-10,USB-C Hub,East,3,39.99
2026-01-13,USB-C Hub,East,7,39.99
2026-01-14,HD Webcam,South,9,59.99
2026-01-15,HD Webcam,East,20,59.99
2026-01-16,HD Webcam,West,2,59.99
2026-01-16,Monitor Stand,North,12,49.99
2026-01-17,Wireless Mouse,North,3,24.99
2026-01-19,Wireless Mouse,East,8,24.99
2026-01-19,USB-C Hub,South,14,39.99
2026-01-19,Mechanical Keyboard,West,6,79.99
2026-01-24,USB-C Hub,East,4,39.99
2026-01-25,Monitor Stand,East,9,49.99
2026-01-27,HD Webcam,North,10,59.99
2026-01-29,USB-C Hub,West,5,39.99
2026-01-30,HD Webcam,West,8,59.99
2026-02-02,USB-C Hub,North,18,39.99
2026-02-02,Mechanical Keyboard,North,8,79.99
2026-02-02,Wireless Mouse,North,2,24.99
2026-02-03,Wireless Mouse,West,9,24.99
2026-02-03,Wireless Mouse,North,11,24.99
2026-02-04,HD Webcam,North,3,59.99
2026-02-05,USB-C Hub,North,11,39.99
2026-02-05,Wireless Mouse,West,18,24.99
2026-02-07,USB-C Hub,South,18,39.99
2026-02-15,Monitor Stand,North,4,49.99
2026-02-18,HD Webcam,East,2,59.99
2026-02-19,USB-C Hub,East,3,39.99
2026-02-20,HD Webcam,South,3,59.99
2026-02-20,Mechanical Keyboard,South,2,79.99
2026-02-21,USB-C Hub,North,20,39.99
2026-02-21,Monitor Stand,West,4,49.99
2026-02-25,Mechanical Keyboard,South,5,79.99
2026-02-25,Mechanical Keyboard,North,8,79.99
2026-02-26,USB-C Hub,North,4,39.99
2026-02-28,USB-C Hub,East,15,39.99
2026-03-01,Mechanical Keyboard,West,14,79.99
2026-03-03,HD Webcam,East,1,59.99
2026-03-04,HD Webcam,North,13,59.99
2026-03-04,Mechanical Keyboard,South,12,79.99
2026-03-04,Wireless Mouse,East,17,24.99
2026-03-05,Monitor Stand,East,18,49.99
2026-03-05,Wireless Mouse,North,2,24.99
2026-03-06,HD Webcam,South,9,59.99
2026-03-08,Wireless Mouse,South,5,24.99
2026-03-08,USB-C Hub,South,19,39.99
2026-03-09,Monitor Stand,West,5,49.99
2026-03-10,HD Webcam,North,18,59.99
2026-03-10,HD Webcam,South,5,59.99
2026-03-11,Monitor Stand,North,2,49.99
2026-03-13,HD Webcam,West,7,59.99
2026-03-14,Mechanical Keyboard,West,19,79.99
2026-03-15,USB-C Hub,East,13,39.99
2026-03-19,Monitor Stand,South,16,49.99
2026-03-22,Wireless Mouse,West,13,24.99
2026-03-22,Monitor Stand,East,18,49.99
2026-03-23,USB-C Hub,South,6,39.99
